{
    "MAX_EPISODE_LENGTH": 1500,
    "TIMESTEP": 120,
    "ENABLED_BUNKERS": ["C1-20", "C1-30", "C1-60", "C1-70", "C1-80"],
    "N_PRESSES": 2,
    "MIN_STARTING_VOLUME": 0,
    "MAX_STARTING_VOLUME": 30,
    "FAILURE_PENALTY": -1,
    "RW_MUS": {
        "C1-20": 0.005767754387396311,
        "C1-30": 0.003911622673679469,
        "C1-60": 0.0019084442226913933,
        "C1-70": 0.0035737010399693745,
        "C1-80": 0.008142898729319127
    },
    "RW_SIGMAS": {
        "C1-20": 0.055559018416836935,
        "C1-30": 0.0298246737197056,
        "C1-60": 0.024947588621871703,
        "C1-70": 0.029566378732721433,
        "C1-80": 0.1227266060811535
    },
    "MAX_VOLUMES": {
        "C1-20": 40,
        "C1-30": 40,
        "C1-60": 40,
        "C1-70": 40,
        "C1-80": 40
    },
    "BALE_SIZES": {
        "C1-20": 27,
        "C1-30": 12.5,
        "C1-60": 8.5,
        "C1-70": 10.5,
        "C1-80": 12.5
    },
    "PRESS_OFFSETS": {
        "C1-20": 106.798502,
        "C1-30": 95.399,
        "C1-60": 65.998499,
        "C1-70": 56.398501,
        "C1-80": 53.999001
        },
    "PRESS_SLOPES": {
        "C1-20": 264.9,
        "C1-30": 149.88,
        "C1-60": 191.64,
        "C1-70": 172.32,
        "C1-80": 176.34
        },
    "REWARD_PARAMS": {
        "C1-20": {
            "peaks": [26.71],
            "heights": [1],
            "widths": [2]
        },
        "C1-30": {
            "peaks": [26.52, 17.68, 8.84],
            "heights": [1, 0.3, 0.1],
            "widths": [2.5, 0.5, 0.25]
        },
        "C1-60": {
            "peaks": [28.78, 21.61, 14.34, 7.17],
            "heights": [1, 0.4, 0.2, 0.1],
            "widths": [2.5, 0.5, 0.25, 0.125]        
        },
        "C1-70": {
            "peaks": [25.93, 17.28, 8.64],
            "heights": [1, 0.25, 0.1],
            "widths": [2.5, 0.5, 0.25]
        },
        "C1-80": {
            "peaks": [24.75, 12.37],
            "heights": [1, 0.3],
            "widths": [2, 0.5]
        }
    },
    "MIN_REWARD": -1e-1
}