{
    "MAX_EPISODE_LENGTH": 300,
    "TIMESTEP": 60,
    "ENABLED_BUNKERS": ["C1-10", "C1-20", "C1-30", "C1-40", "C1-50", "C1-60", "C1-70", "C1-80", "C2-10", "C2-20", "C2-40", "C2-50", "C2-60", "C2-70", "C2-80", "C2-90"],
    "N_PRESSES": 2,
    "MIN_STARTING_VOLUME": 0,
    "MAX_STARTING_VOLUME": 30,
    "FAILURE_PENALTY": -10,
    "RW_MUS": {
        "C1-10": 0.001147899580098539,
        "C1-20": 0.005767754387396311,
        "C1-30": 0.003911622673679469,
        "C1-40": 0.0017539235865350012,
        "C1-50": 0.0009418785978670825,
        "C1-60": 0.0019084442226913933,
        "C1-70": 0.0035737010399693745,
        "C1-80": 0.008142898729319127,
        "C2-10": 0.0015230983238384461,
        "C2-20": 0.005132766340624763,
        "C2-40": 0.0005783646648110684,
        "C2-50": 0.002084806449768142,
        "C2-60": 0.0014205604148863095,
        "C2-70": 0.0010134495536210895,
        "C2-80": 0.005798905531571111,
        "C2-90": 0.006160779787532984
    },
    "RW_SIGMAS": {
        "C1-10": 0.039643981480755486,
        "C1-20": 0.055559018416836935,
        "C1-30": 0.0298246737197056,
        "C1-40": 0.022134126561124824,
        "C1-50": 0.021553740148653376,
        "C1-60": 0.024947588621871703,
        "C1-70": 0.029566378732721433,
        "C1-80": 0.1227266060811535,
        "C2-10": 0.10598091731415826,
        "C2-20": 0.07287110960205806,
        "C2-40": 0.030433960836435167,
        "C2-50": 0.028941444823009557,
        "C2-60": 0.044039809749510946,
        "C2-70": 0.041070406077534184,
        "C2-80": 0.11380349479769301,
        "C2-90": 0.06961851897109281
    },
    "MAX_VOLUMES": {
        "C1-10": 32,
        "C1-20": 32,
        "C1-30": 32,
        "C1-40": 32,
        "C1-50": 33,
        "C1-60": 32,
        "C1-70": 32,
        "C1-80": 32,
        "C2-10": 32,
        "C2-20": 37.5,
        "C2-40": 32,
        "C2-50": 32.5,
        "C2-60": 32,
        "C2-70": 32,
        "C2-80": 32,
        "C2-90": 32
    },
    "BALE_SIZES": {
        "C1-10": 11,
        "C1-20": 27,
        "C1-30": 12.5,
        "C1-40": 7.5,
        "C1-50": 5.5,
        "C1-60": 8.5,
        "C1-70": 10.5,
        "C1-80": 12.5,
        "C2-10": 18,
        "C2-20": 35,
        "C2-40": 6.5,
        "C2-50": 6,
        "C2-60": 6.3,
        "C2-70": 16,
        "C2-80": 28.5,
        "C2-90": 6.5
    },
    "PRESS_OFFSETS": {
        "C1-20": 106.798502,
        "C1-30": 95.399,
        "C1-40": 123.598498,
        "C1-60": 65.998499,
        "C1-70": 56.398501,
        "C1-80": 53.999001,
        "C2-20": 104.398502,
        "C2-50": 75.598997,
        "C2-70": 70.198998,
        "C2-80": 58.1985
        },
    "PRESS_SLOPES": {
        "C1-20": 264.9,
        "C1-30": 149.88,
        "C1-40": 338.31,
        "C1-60": 191.64,
        "C1-70": 172.32,
        "C1-80": 176.34,
        "C2-20": 496.2,
        "C2-50": 149.24616,
        "C2-70": 201.06,
        "C2-80": 234.36
        },
    "REWARD_PARAMS": {
        "C1-10": {
            "peaks": [19.84],
            "heights": [1],
            "widths": [2]
        },
        "C1-20": {
            "peaks": [26.71],
            "heights": [1],
            "widths": [2]
        },
        "C1-30": {
            "peaks": [26.52, 17.68, 8.84],
            "heights": [1, 0.3, 0.1],
            "widths": [2.5, 0.5, 0.25]
        },
        "C1-40": {
            "peaks": [25.14, 16.79, 8.34],
            "heights": [1, 0.5, 0.1],
            "widths": [2.5, 0.5, 0.25]
        },
        "C1-50": {
            "peaks": [31.53, 27.11, 22.59, 18.07, 13.55, 9.03, 4.51],
            "heights": [1, 0.5, 0.25, 0.125, 0.0625, 0.03125, 0.015625],
            "widths": [1, 0.5, 0.5, 0.5, 0.5, 0.5, 0.5]        
        },
        "C1-60": {
            "peaks": [28.78, 21.61, 14.34, 7.17],
            "heights": [1, 0.4, 0.2, 0.1],
            "widths": [2.5, 0.5, 0.25, 0.125]        
        },
        "C1-70": {
            "peaks": [25.93, 17.28, 8.64],
            "heights": [1, 0.25, 0.1],
            "widths": [2.5, 0.5, 0.25]
        },
        "C1-80": {
            "peaks": [24.75, 12.37],
            "heights": [1, 0.3],
            "widths": [2, 0.5]
        },
        "C2-10": {
            "peaks": [27.38],
            "heights": [1],
            "widths": [2]
        },
        "C2-20": {
            "peaks": [37.04],
            "heights": [1],
            "widths": [2]
        },
        "C2-40": {
            "peaks": [25.77, 17.17, 8.58],
            "heights": [1, 0.5, 0.25],
            "widths": [2.5, 0.5, 0.25]
        },
        "C2-50": {
            "peaks": [32.23, 27.62, 23.02, 18.41, 13.81, 9.2, 4.6],
            "heights": [1, 0.5, 0.25, 0.125, 0.0625, 0.03125, 0.015625],  
            "widths": [2, 0.125, 0.05, 0.025, 0.0125, 0.005, 0.0025] 
        },
        "C2-60": {
            "peaks": [25.77, 17.17, 8.58],
            "heights": [1, 0.25, 0.1],
            "widths": [2.5, 0.5, 0.25]
        },
        "C2-70": {
            "peaks": [26.44, 13.22],
            "heights": [1, 0.3],
            "widths": [2, 0.5]
        },
        "C2-80": {
            "peaks": [28.75],
            "heights": [1],
            "widths": [2]
        },
        "C2-90": {
            "peaks": [28.79, 23.03, 17.26, 11.51, 5.75],
            "heights": [1, 0.5, 0.25, 0.125, 0.0625],
            "widths": [1, 0.5, 0.5, 0.5, 0.5]        
        }
    },
    "MIN_REWARD": -1e-1
}